sent,tags,parse,Noun,Index,Relevant Dependencies,Sentence Fragment,Noun Tag,Negation,Verb Reference,Verb Tag,Relation to Verb,Verb Negation,Prepositional Phrases,Prepositions,Prepositional Subjects,Prepositional Objects,Determiners,Conjunctions,Compounds,Adjectival Modifiers,Possesed (owned by noun),Possesive (owner of noun),Numeric Modifiers,Case Modifiers,Adverbial Modifiers,Appositional Modifiers,Denumerator,Type of Denumerator,Plurality of Noun,Plurality of Verb,Allan Tests Passed,Countability
"Needles , scissors , and thimbles were highly prized trade goods .","Needles/NNS ,/, scissors/NNS ,/, and/CC thimbles/NNS were/VBD highly/RB prized/JJ trade/NN goods/NNS ./.","nsubj(goods-11, Needles-1) conj:and(Needles-1, scissors-3) nsubj(goods-11, scissors-3) cc(Needles-1, and-5) conj:and(Needles-1, thimbles-6) nsubj(goods-11, thimbles-6) cop(goods-11, were-7) advmod(prized-9, highly-8) amod(goods-11, prized-9) compound(goods-11, trade-10) root(ROOT-0, goods-11)  ",scissors,3,"conj:and(Needles-1, scissors-3) nsubj(goods-11, scissors-3) ","Needles , scissors , and thimbles were highly",NNS,[],were,VBD,subject,[],[],[],[],[],[],"[('and', 'Needles')]",[],[],[],[],[],[],[],[],,,ambiguous,ambiguous,,unknown
"Creek women took up European needles and scissors with skill and imagination , transforming Creek fashion into an exotic mix of native and European materials and styles.","Creek/NNP women/NNS took/VBD up/RP European/JJ needles/NNS and/CC scissors/NNS with/IN skill/NN and/CC imagination/NN ,/, transforming/VBG Creek/NNP fashion/NN into/IN an/DT exotic/JJ mix/NN of/IN native/NN and/CC European/JJ materials/NNS and/CC styles/NNS ./.","compound(women-2, Creek-1) nsubj(took-3, women-2) root(ROOT-0, took-3) compound:prt(took-3, up-4) amod(needles-6, European-5) dobj(took-3, needles-6) cc(needles-6, and-7) dobj(took-3, scissors-8) conj:and(needles-6, scissors-8) case(skill-10, with-9) nmod:with(took-3, skill-10) cc(skill-10, and-11) nmod:with(took-3, imagination-12) conj:and(skill-10, imagination-12) advcl(took-3, transforming-14) compound(fashion-16, Creek-15) dobj(transforming-14, fashion-16) case(mix-20, into-17) det(mix-20, an-18) amod(mix-20, exotic-19) nmod:into(transforming-14, mix-20) case(materials-25, of-21) compound(materials-25, native-22) cc(native-22, and-23) conj:and(native-22, European-24) compound(materials-25, European-24) nmod:of(mix-20, materials-25) cc(materials-25, and-26) nmod:of(mix-20, styles-27) conj:and(materials-25, styles-27)  ",scissors,8,"dobj(took-3, scissors-8) conj:and(needles-6, scissors-8) ","took up European needles and scissors with skill and imagination ,",NNS,[],took,VBD,object,[],[],[],[],[],[],"[('and', 'needles')]",[],[],[],[],[],[],[],[],,,ambiguous,ambiguous,,unknown
"10 Migrants from the southern sierra state of Puno , for example , began performing their local indigenous-styled panpipe music in Lima after 1970 just as the "" scissors dance "" with harp and violin blossomed among Ayacuchano from the department of Ayacucho migrants.","10/CD Migrants/NNS from/IN the/DT southern/JJ sierra/NN state/NN of/IN Puno/NNP ,/, for/IN example/NN ,/, began/VBD performing/VBG their/PRP$ local/JJ indigenous-styled/JJ panpipe/NN music/NN in/IN Lima/NNP after/IN 1970/CD just/RB as/RB the/DT ''/'' scissors/NNS dance/VB ''/'' with/IN harp/NN and/CC violin/NN blossomed/VBN among/IN Ayacuchano/NNP from/IN the/DT department/NN of/IN Ayacucho/NNP migrants/NNS ./.","nummod(Migrants-2, 10-1) nsubj(began-14, Migrants-2) case(state-7, from-3) det(state-7, the-4) amod(state-7, southern-5) compound(state-7, sierra-6) nmod:from(Migrants-2, state-7) case(Puno-9, of-8) nmod:of(state-7, Puno-9) case(example-12, for-11) nmod:for(Migrants-2, example-12) root(ROOT-0, began-14) xcomp(began-14, performing-15) nmod:poss(music-20, their-16) amod(music-20, local-17) amod(music-20, indigenous-styled-18) compound(music-20, panpipe-19) dobj(performing-15, music-20) case(Lima-22, in-21) nmod:in(performing-15, Lima-22) case(scissors-29, after-23) nummod(scissors-29, 1970-24) advmod(as-26, just-25) advmod(the-27, as-26) amod(scissors-29, the-27) nmod:after(began-14, scissors-29) dep(began-14, dance-30) case(harp-33, with-32) nmod:with(dance-30, harp-33) cc(harp-33, and-34) nmod:with(dance-30, violin-35) conj:and(harp-33, violin-35) acl(harp-33, blossomed-36) case(Ayacuchano-38, among-37) nmod:among(blossomed-36, Ayacuchano-38) case(department-41, from-39) det(department-41, the-40) nmod:from(dance-30, department-41) case(migrants-44, of-42) compound(migrants-44, Ayacucho-43) nmod:of(department-41, migrants-44)  ",scissors,29,"case(scissors-29, after-23) nummod(scissors-29, 1970-24) amod(scissors-29, the-27) nmod:after(began-14, scissors-29) ","1970 just as the "" scissors dance "" with harp and",NNS,[],,,,,"[('after', 'began')]",['after'],['began'],[],[],[],[],['the'],[],[],['1970'],['after'],[],[],1970,other,ambiguous,,O-DEN,countable
"Crimson , blue , green , and bright orange sashes were attached to them , and some had two blades , like scissors .","Crimson/JJ ,/, blue/JJ ,/, green/JJ ,/, and/CC bright/JJ orange/JJ sashes/NNS were/VBD attached/VBN to/TO them/PRP ,/, and/CC some/DT had/VBD two/CD blades/NNS ,/, like/IN scissors/NNS ./.","dep(orange-9, Crimson-1) conj:and(orange-9, blue-3) amod(sashes-10, blue-3) conj:and(orange-9, green-5) amod(sashes-10, green-5) cc(orange-9, and-7) conj:and(orange-9, bright-8) amod(sashes-10, bright-8) amod(sashes-10, orange-9) nsubjpass(attached-12, sashes-10) auxpass(attached-12, were-11) root(ROOT-0, attached-12) case(them-14, to-13) nmod:to(attached-12, them-14) cc(attached-12, and-16) nsubj(had-18, some-17) conj:and(attached-12, had-18) nummod(blades-20, two-19) dobj(had-18, blades-20) case(scissors-23, like-22) nmod:like(had-18, scissors-23)  ",scissors,23,"case(scissors-23, like-22) nmod:like(had-18, scissors-23) ","had two blades , like scissors .",NNS,[],,,,,"[('like', 'had')]",['like'],['had'],[],[],[],[],[],[],[],[],['like'],[],[],,,ambiguous,,,unknown
"Early privateers like Dampier provided the Cuna with beads , knives , scissors , and mirrors ( Dampier 1906:54 ) .","Early/RB privateers/NNS like/IN Dampier/NNP provided/VBD the/DT Cuna/NNP with/IN beads/NNS ,/, knives/NNS ,/, scissors/NNS ,/, and/CC mirrors/NNS -LRB-/-LRB- Dampier/NNP 1906:54/CD -RRB-/-RRB- ./.","advmod(privateers-2, Early-1) nsubj(provided-5, privateers-2) case(Dampier-4, like-3) nmod:like(privateers-2, Dampier-4) root(ROOT-0, provided-5) det(Cuna-7, the-6) dobj(provided-5, Cuna-7) case(beads-9, with-8) nmod:with(provided-5, beads-9) nmod:with(provided-5, knives-11) conj:and(beads-9, knives-11) nmod:with(provided-5, scissors-13) conj:and(beads-9, scissors-13) cc(beads-9, and-15) nmod:with(provided-5, mirrors-16) conj:and(beads-9, mirrors-16) dep(provided-5, Dampier-18) nummod(Dampier-18, 1906:54-19)  ",scissors,13,"nmod:with(provided-5, scissors-13) conj:and(beads-9, scissors-13) ","with beads , knives , scissors , and mirrors ( Dampier",NNS,[],,,,,"[('with', 'provided')]",['with'],['provided'],[],[],"[('and', 'beads')]",[],[],[],[],[],[],[],[],,,ambiguous,,,unknown
"Minnie Aldridge , for instance , decided to end an ongoing dispute with another inmate by attacking the woman with a pair of scissors while they were both employed in the sewing room.","Minnie/NNP Aldridge/NNP ,/, for/IN instance/NN ,/, decided/VBD to/TO end/VB an/DT ongoing/JJ dispute/NN with/IN another/DT inmate/NN by/IN attacking/VBG the/DT woman/NN with/IN a/DT pair/NN of/IN scissors/NNS while/IN they/PRP were/VBD both/DT employed/VBN in/IN the/DT sewing/VBG room/NN ./."," compound(Aldridge-2, Minnie-1) nsubj(decided-7, Aldridge-2) nsubj(end-9, Aldridge-2) case(instance-5, for-4) nmod:for(Aldridge-2, instance-5) root(ROOT-0, decided-7) mark(end-9, to-8) xcomp(decided-7, end-9) det(dispute-12, an-10) amod(dispute-12, ongoing-11) dobj(end-9, dispute-12) case(inmate-15, with-13) det(inmate-15, another-14) nmod:with(end-9, inmate-15) mark(attacking-17, by-16) advcl(end-9, attacking-17) det(woman-19, the-18) dobj(attacking-17, woman-19) case(pair-22, with-20) det(pair-22, a-21) nmod:with(attacking-17, pair-22) case(scissors-24, of-23) nmod:of(pair-22, scissors-24) mark(employed-29, while-25) nsubjpass(employed-29, they-26) auxpass(employed-29, were-27) dep(employed-29, both-28) advcl(decided-7, employed-29) case(room-33, in-30) det(room-33, the-31) amod(room-33, sewing-32) nmod:in(employed-29, room-33)  ",scissors,24,"case(scissors-24, of-23) nmod:of(pair-22, scissors-24) ",woman with a pair of scissors while they were both employed,NNS,[],,,,,"[('of', 'pair')]",['of'],['pair'],[],[],[],[],[],[],[],[],['of'],[],[],,,ambiguous,,,unknown
"Margaret Webster , another frequent offender who was serving a three month term for willful damage and being on premises illegally , concealed a pair of scissors and a small screwdriver in her boots when cleaning the sewing room at the Lyttelton prison .","Margaret/NNP Webster/NNP ,/, another/DT frequent/JJ offender/NN who/WP was/VBD serving/VBG a/DT three/CD month/NN term/NN for/IN willful/JJ damage/NN and/CC being/VBG on/IN premises/NNS illegally/RB ,/, concealed/VBN a/DT pair/NN of/IN scissors/NNS and/CC a/DT small/JJ screwdriver/NN in/IN her/PRP$ boots/NNS when/WRB cleaning/VBG the/DT sewing/VBG room/NN at/IN the/DT Lyttelton/NNP prison/NN ./."," compound(Webster-2, Margaret-1) nsubj(concealed-23, Webster-2) det(offender-6, another-4) amod(offender-6, frequent-5) appos(Webster-2, offender-6) nsubj(serving-9, offender-6) ref(offender-6, who-7) aux(serving-9, was-8) acl:relcl(offender-6, serving-9) det(term-13, a-10) nummod(term-13, three-11) compound(term-13, month-12) dobj(serving-9, term-13) case(damage-16, for-14) amod(damage-16, willful-15) nmod:for(term-13, damage-16) cc(serving-9, and-17) aux(premises-20, being-18) case(premises-20, on-19) acl:relcl(offender-6, premises-20) conj:and(serving-9, premises-20) advmod(premises-20, illegally-21) root(ROOT-0, concealed-23) det(pair-25, a-24) dobj(concealed-23, pair-25) case(scissors-27, of-26) nmod:of(pair-25, scissors-27) cc(scissors-27, and-28) det(screwdriver-31, a-29) amod(screwdriver-31, small-30) nmod:of(pair-25, screwdriver-31) conj:and(scissors-27, screwdriver-31) case(boots-34, in-32) nmod:poss(boots-34, her-33) nmod:in(concealed-23, boots-34) advmod(cleaning-36, when-35) advcl(concealed-23, cleaning-36) det(room-39, the-37) amod(room-39, sewing-38) dobj(cleaning-36, room-39) case(prison-43, at-40) det(prison-43, the-41) compound(prison-43, Lyttelton-42) nmod:at(cleaning-36, prison-43)  ",scissors,27,"case(scissors-27, of-26) cc(scissors-27, and-28) conj:and(scissors-27, screwdriver-31) nmod:of(pair-25, scissors-27) ",", concealed a pair of scissors and a small screwdriver in",NNS,[],,,,,"[('of', 'pair')]",['of'],['pair'],[],[],"[('and', 'screwdriver')]",[],[],[],[],[],['of'],[],[],,,ambiguous,,,unknown
"There are indeed newspapers , many of them even , but the scissors of the censorship cut them in so emasculating a manner that they no longer have any potency .","There/EX are/VBP indeed/RB newspapers/NNS ,/, many/JJ of/IN them/PRP even/RB ,/, but/CC the/DT scissors/NNS of/IN the/DT censorship/NN cut/VBD them/PRP in/IN so/RB emasculating/VBG a/DT manner/NN that/IN they/PRP no/RB longer/RB have/VBP any/DT potency/NN ./."," expl(are-2, There-1) root(ROOT-0, are-2) advmod(are-2, indeed-3) nsubj(are-2, newspapers-4) acl:relcl(newspapers-4, many-6) case(them-8, of-7) nmod:of(many-6, them-8) advmod(many-6, even-9) cc(are-2, but-11) det(scissors-13, the-12) nsubj(cut-17, scissors-13) case(censorship-16, of-14) det(censorship-16, the-15) nmod:of(scissors-13, censorship-16) conj:but(are-2, cut-17) dobj(cut-17, them-18) mark(emasculating-21, in-19) advmod(emasculating-21, so-20) advcl(cut-17, emasculating-21) det(manner-23, a-22) dobj(emasculating-21, manner-23) mark(have-28, that-24) nsubj(have-28, they-25) neg(longer-27, no-26) advmod(have-28, longer-27) ccomp(emasculating-21, have-28) det(potency-30, any-29) dobj(have-28, potency-30)  ",scissors,13,"det(scissors-13, the-12) nmod:of(scissors-13, censorship-16) nsubj(cut-17, scissors-13) ","them even , but the scissors of the censorship cut them",NNS,[],cut,VBD,subject,[],"[('of', 'censorship')]",['of'],[],['censorship'],['the'],[],[],[],[],[],[],[],[],[],,,ambiguous,ambiguous,,unknown
"Three Orientations to the Arts Curriculum The Little-Intervention Orientation <p> Lily Jones , a second-grade teacher , pours glitter , yarn , cotton balls , and other materials into little plastic bowls and arranges them neatly on a back table between scissors and pine cones .","Three/CD Orientations/NNS to/TO the/DT Arts/NNP Curriculum/NNP The/DT Little-Intervention/NNP Orientation/NNP <p>/NNP Lily/NNP Jones/NNP ,/, a/DT second-grade/JJ teacher/NN ,/, pours/VBZ glitter/NN ,/, yarn/NN ,/, cotton/NN balls/NNS ,/, and/CC other/JJ materials/NNS into/IN little/JJ plastic/NN bowls/VBZ and/CC arranges/VBZ them/PRP neatly/RB on/IN a/DT back/JJ table/NN between/IN scissors/NNS and/CC pine/NN cones/NNS ./."," nummod(Orientations-2, Three-1) nsubj(bowls-32, Orientations-2) nsubj(arranges-34, Orientations-2) case(Curriculum-6, to-3) det(Curriculum-6, the-4) compound(Curriculum-6, Arts-5) nmod:to(Orientations-2, Curriculum-6) det(Jones-12, The-7) compound(Jones-12, Little-Intervention-8) compound(Jones-12, Orientation-9) compound(Jones-12, <p>-10) compound(Jones-12, Lily-11) nsubj(pours-18, Jones-12) det(teacher-16, a-14) amod(teacher-16, second-grade-15) appos(Jones-12, teacher-16) acl:relcl(Curriculum-6, pours-18) dobj(pours-18, glitter-19) dobj(pours-18, yarn-21) conj:and(glitter-19, yarn-21) compound(balls-24, cotton-23) dobj(pours-18, balls-24) conj:and(glitter-19, balls-24) cc(glitter-19, and-26) amod(materials-28, other-27) dobj(pours-18, materials-28) conj:and(glitter-19, materials-28) case(plastic-31, into-29) amod(plastic-31, little-30) nmod:into(pours-18, plastic-31) root(ROOT-0, bowls-32) cc(bowls-32, and-33) conj:and(bowls-32, arranges-34) dobj(bowls-32, them-35) advmod(bowls-32, neatly-36) case(table-40, on-37) det(table-40, a-38) amod(table-40, back-39) nmod:on(bowls-32, table-40) case(scissors-42, between-41) nmod:between(table-40, scissors-42) cc(scissors-42, and-43) compound(cones-45, pine-44) nmod:between(table-40, cones-45) conj:and(scissors-42, cones-45)  ",scissors,42,"case(scissors-42, between-41) cc(scissors-42, and-43) conj:and(scissors-42, cones-45) nmod:between(table-40, scissors-42) ",on a back table between scissors and pine cones .,NNS,[],,,,,"[('between', 'table')]",['between'],['table'],[],[],"[('and', 'cones')]",[],[],[],[],[],['between'],[],[],,,ambiguous,,,unknown
"In addition , there is an embroidery hoop visible inside it , and other sewing accessories , including thread and scissors , are on the table .","In/IN addition/NN ,/, there/EX is/VBZ an/DT embroidery/NN hoop/NN visible/JJ inside/IN it/PRP ,/, and/CC other/JJ sewing/VBG accessories/NNS ,/, including/VBG thread/NN and/CC scissors/NNS ,/, are/VBP on/IN the/DT table/NN ./."," case(addition-2, In-1) nmod:in(is-5, addition-2) expl(is-5, there-4) root(ROOT-0, is-5) det(hoop-8, an-6) compound(hoop-8, embroidery-7) nsubj(is-5, hoop-8) amod(hoop-8, visible-9) case(it-11, inside-10) nmod:inside(visible-9, it-11) cc(is-5, and-13) amod(accessories-16, other-14) amod(accessories-16, sewing-15) nsubj(table-26, accessories-16) case(thread-19, including-18) nmod:including(accessories-16, thread-19) cc(thread-19, and-20) nmod:including(accessories-16, scissors-21) conj:and(thread-19, scissors-21) cop(table-26, are-23) case(table-26, on-24) det(table-26, the-25) conj:and(is-5, table-26)  ",scissors,21,"nmod:including(accessories-16, scissors-21) conj:and(thread-19, scissors-21) ","accessories , including thread and scissors , are on the table",NNS,[],,,,,"[('including', 'accessories')]",['including'],['accessories'],[],[],"[('and', 'thread')]",[],[],[],[],[],[],[],[],,,ambiguous,,,unknown
The German aphorist Georg Lichtenberg once observed that steak would not be appealing to eat if it were cut with a scissors .,The/DT German/NNP aphorist/JJ Georg/NNP Lichtenberg/NNP once/RB observed/VBD that/IN steak/NN would/MD not/RB be/VB appealing/JJ to/TO eat/VB if/IN it/PRP were/VBD cut/VBN with/IN a/DT scissors/NNS ./.," det(Lichtenberg-5, The-1) amod(aphorist-3, German-2) amod(Lichtenberg-5, aphorist-3) compound(Lichtenberg-5, Georg-4) nsubj(observed-7, Lichtenberg-5) advmod(observed-7, once-6) root(ROOT-0, observed-7) mark(appealing-13, that-8) nsubj(appealing-13, steak-9) nsubj(eat-15, steak-9) aux(appealing-13, would-10) neg(appealing-13, not-11) cop(appealing-13, be-12) ccomp(observed-7, appealing-13) mark(eat-15, to-14) xcomp(appealing-13, eat-15) mark(cut-19, if-16) nsubjpass(cut-19, it-17) auxpass(cut-19, were-18) advcl(eat-15, cut-19) case(scissors-22, with-20) det(scissors-22, a-21) nmod:with(cut-19, scissors-22)  ",scissors,22,"case(scissors-22, with-20) det(scissors-22, a-21) nmod:with(cut-19, scissors-22) ",it were cut with a scissors .,NNS,[],,,,,"[('with', 'cut')]",['with'],['cut'],[],['a'],[],[],[],[],[],[],['with'],[],[],a,unit,ambiguous,,A+N,countable
"The following day , after the patient was anesthetized , Sayre drew the foreskin forward and cut it with scissors .","The/DT following/JJ day/NN ,/, after/IN the/DT patient/NN was/VBD anesthetized/JJ ,/, Sayre/NNP drew/VBD the/DT foreskin/NN forward/RB and/CC cut/VBD it/PRP with/IN scissors/NNS ./."," det(day-3, The-1) amod(day-3, following-2) nmod:tmod(drew-12, day-3) mark(anesthetized-9, after-5) det(patient-7, the-6) nsubj(anesthetized-9, patient-7) cop(anesthetized-9, was-8) advcl(drew-12, anesthetized-9) nsubj(drew-12, Sayre-11) nsubj(cut-17, Sayre-11) root(ROOT-0, drew-12) det(foreskin-14, the-13) dobj(drew-12, foreskin-14) advmod(drew-12, forward-15) cc(drew-12, and-16) conj:and(drew-12, cut-17) dobj(cut-17, it-18) case(scissors-20, with-19) nmod:with(cut-17, scissors-20)  ",scissors,20,"case(scissors-20, with-19) nmod:with(cut-17, scissors-20) ",forward and cut it with scissors .,NNS,[],,,,,"[('with', 'cut')]",['with'],['cut'],[],[],[],[],[],[],[],[],['with'],[],[],,,ambiguous,,,unknown
"other art responses , scissors , chalk , and clay , were named consistently but less frequently by the children .","other/JJ art/NN responses/NNS ,/, scissors/NNS ,/, chalk/NN ,/, and/CC clay/NN ,/, were/VBD named/VBN consistently/RB but/CC less/RBR frequently/RB by/IN the/DT children/NNS ./."," amod(responses-3, other-1) compound(responses-3, art-2) nsubjpass(named-13, responses-3) appos(responses-3, scissors-5) appos(responses-3, chalk-7) conj:and(scissors-5, chalk-7) cc(scissors-5, and-9) appos(responses-3, clay-10) conj:and(scissors-5, clay-10) auxpass(named-13, were-12) root(ROOT-0, named-13) advmod(named-13, consistently-14) cc(children-20, but-15) advmod(frequently-17, less-16) dep(children-20, frequently-17) case(children-20, by-18) det(children-20, the-19) dep(named-13, children-20)  ",scissors,5,"conj:and(scissors-5, chalk-7) cc(scissors-5, and-9) conj:and(scissors-5, clay-10) appos(responses-3, scissors-5) ","other art responses , scissors , chalk , and clay",NNS,[],,,,,[],[],[],[],[],"[('and', 'chalk'), ('and', 'clay')]",[],[],[],[],[],[],[],"['modifier', 'responses']",,,ambiguous,,,unknown
"Consider this observation made by Bernard Dupriez : "" It also happens in apostrophe that addresses are made to a second person in the hope that they will be overheard by a third party , as when a mother asks her two-year-old child to look for the scissors , knowing that her husband is not far away .","Consider/VB this/DT observation/NN made/VBD by/IN Bernard/NNP Dupriez/NNP :/: ''/'' It/PRP also/RB happens/VBZ in/IN apostrophe/NN that/IN addresses/NNS are/VBP made/VBN to/TO a/DT second/JJ person/NN in/IN the/DT hope/NN that/IN they/PRP will/MD be/VB overheard/VBN by/IN a/DT third/JJ party/NN ,/, as/RB when/WRB a/DT mother/NN asks/VBZ her/PRP$ two-year-old/JJ child/NN to/TO look/VB for/IN the/DT scissors/NNS ,/, knowing/VBG that/IN her/PRP$ husband/NN is/VBZ not/RB far/RB away/RB ./."," csubj(made-4, Consider-1) det(observation-3, this-2) dobj(Consider-1, observation-3) root(ROOT-0, made-4) case(Dupriez-7, by-5) compound(Dupriez-7, Bernard-6) nmod:by(made-4, Dupriez-7) nsubj(happens-12, It-10) advmod(happens-12, also-11) dep(made-4, happens-12) case(apostrophe-14, in-13) nmod:in(happens-12, apostrophe-14) mark(made-18, that-15) nsubjpass(made-18, addresses-16) auxpass(made-18, are-17) ccomp(happens-12, made-18) case(person-22, to-19) det(person-22, a-20) amod(person-22, second-21) nmod:to(made-18, person-22) case(hope-25, in-23) det(hope-25, the-24) nmod:in(person-22, hope-25) mark(overheard-30, that-26) nsubjpass(overheard-30, they-27) aux(overheard-30, will-28) auxpass(overheard-30, be-29) ccomp(made-18, overheard-30) case(party-34, by-31) det(party-34, a-32) amod(party-34, third-33) nmod:by(overheard-30, party-34) advmod(asks-40, as-36) advmod(asks-40, when-37) det(mother-39, a-38) nsubj(asks-40, mother-39) dep(made-4, asks-40) nmod:poss(child-43, her-41) amod(child-43, two-year-old-42) dobj(asks-40, child-43) nsubj(look-45, child-43) mark(look-45, to-44) xcomp(asks-40, look-45) case(scissors-48, for-46) det(scissors-48, the-47) nmod:for(look-45, scissors-48) xcomp(look-45, knowing-50) mark(is-54, that-51) nmod:poss(husband-53, her-52) nsubj(is-54, husband-53) ccomp(knowing-50, is-54) neg(is-54, not-55) advmod(away-57, far-56) advmod(is-54, away-57)  ",scissors,48,"case(scissors-48, for-46) det(scissors-48, the-47) nmod:for(look-45, scissors-48) ","child to look for the scissors , knowing that her husband",NNS,[],,,,,"[('for', 'look')]",['for'],['look'],[],['the'],[],[],[],[],[],[],['for'],[],[],,,ambiguous,,,unknown
"He wanted to make the capsule as meaningful to the students ' lives as possible , so he included items they would have typically used in kindergarten : simple puzzles , an easel paint brush , primary writing paper , blunt scissors , large crayons , picture books , and building blocks .","He/PRP wanted/VBD to/TO make/VB the/DT capsule/NN as/RB meaningful/JJ to/TO the/DT students/NNS '/POS lives/NNS as/RB possible/JJ ,/, so/IN he/PRP included/VBD items/NNS they/PRP would/MD have/VB typically/RB used/VBN in/IN kindergarten/JJ :/: simple/JJ puzzles/NNS ,/, an/DT easel/JJ paint/NN brush/NN ,/, primary/JJ writing/NN paper/NN ,/, blunt/JJ scissors/NNS ,/, large/JJ crayons/NNS ,/, picture/NN books/NNS ,/, and/CC building/NN blocks/NNS ./."," nsubj(wanted-2, He-1) nsubj(make-4, He-1) root(ROOT-0, wanted-2) mark(make-4, to-3) xcomp(wanted-2, make-4) det(capsule-6, the-5) nsubj(meaningful-8, capsule-6) advmod(meaningful-8, as-7) xcomp(make-4, meaningful-8) case(lives-13, to-9) det(students-11, the-10) nmod:poss(lives-13, students-11) case(students-11, '-12) nmod:to(meaningful-8, lives-13) advmod(possible-15, as-14) amod(lives-13, possible-15) dep(wanted-2, so-17) nsubj(included-19, he-18) parataxis(wanted-2, included-19) dobj(included-19, items-20) nsubj(used-25, they-21) aux(used-25, would-22) aux(used-25, have-23) advmod(used-25, typically-24) acl:relcl(items-20, used-25) case(blocks-52, in-26) amod(blocks-52, kindergarten-27) amod(puzzles-30, simple-29) dep(kindergarten-27, puzzles-30) det(brush-35, an-32) amod(brush-35, easel-33) compound(brush-35, paint-34) dep(kindergarten-27, brush-35) conj:and(puzzles-30, brush-35) amod(paper-39, primary-37) compound(paper-39, writing-38) dep(kindergarten-27, paper-39) conj:and(puzzles-30, paper-39) amod(scissors-42, blunt-41) dep(kindergarten-27, scissors-42) conj:and(puzzles-30, scissors-42) amod(crayons-45, large-44) dep(kindergarten-27, crayons-45) conj:and(puzzles-30, crayons-45) compound(books-48, picture-47) dep(kindergarten-27, books-48) conj:and(puzzles-30, books-48) cc(puzzles-30, and-50) dep(kindergarten-27, building-51) conj:and(puzzles-30, building-51) nmod:in(used-25, blocks-52)  ",scissors,42,"amod(scissors-42, blunt-41) dep(kindergarten-27, scissors-42) conj:and(puzzles-30, scissors-42) ","primary writing paper , blunt scissors , large crayons , picture",NNS,[],,,,,[],[],[],[],[],"[('and', 'puzzles')]",[],['blunt'],[],[],[],[],[],[],,,ambiguous,,,unknown
"Tools include a slate and a stylus , a small hand sewing machine , glue , scissors , a hole punch , a mill file , and a small bottle of cleaning alcohol to wipe off surfaces before applying adhesive .","Tools/NNS include/VBP a/DT slate/NN and/CC a/DT stylus/NNS ,/, a/DT small/JJ hand/NN sewing/NN machine/NN ,/, glue/NN ,/, scissors/NNS ,/, a/DT hole/NN punch/NN ,/, a/DT mill/NN file/NN ,/, and/CC a/DT small/JJ bottle/NN of/IN cleaning/VBG alcohol/NN to/TO wipe/VB off/RP surfaces/NNS before/IN applying/VBG adhesive/NN ./."," nsubj(include-2, Tools-1) root(ROOT-0, include-2) det(slate-4, a-3) dobj(include-2, slate-4) cc(slate-4, and-5) det(stylus-7, a-6) dobj(include-2, stylus-7) conj:and(slate-4, stylus-7) det(machine-13, a-9) amod(machine-13, small-10) compound(machine-13, hand-11) compound(machine-13, sewing-12) conj:and(slate-4, machine-13) conj:and(stylus-7, machine-13) conj:and(slate-4, glue-15) conj:and(stylus-7, glue-15) conj:and(slate-4, scissors-17) conj:and(stylus-7, scissors-17) det(punch-21, a-19) compound(punch-21, hole-20) conj:and(slate-4, punch-21) conj:and(stylus-7, punch-21) det(file-25, a-23) compound(file-25, mill-24) conj:and(slate-4, file-25) conj:and(stylus-7, file-25) cc(stylus-7, and-27) det(bottle-30, a-28) amod(bottle-30, small-29) conj:and(slate-4, bottle-30) conj:and(stylus-7, bottle-30) mark(cleaning-32, of-31) advcl(include-2, cleaning-32) dobj(cleaning-32, alcohol-33) mark(wipe-35, to-34) advcl(cleaning-32, wipe-35) compound:prt(wipe-35, off-36) dobj(wipe-35, surfaces-37) mark(applying-39, before-38) advcl(wipe-35, applying-39) dobj(applying-39, adhesive-40)  ",scissors,17,"conj:and(slate-4, scissors-17) conj:and(stylus-7, scissors-17) ","sewing machine , glue , scissors , a hole punch ,",NNS,[],,,,,[],[],[],[],[],"[('and', 'slate'), ('and', 'stylus')]",[],[],[],[],[],[],[],[],,,ambiguous,,,unknown
"He loses his imagination among scissors , adhesive paper , stencils , and chicken-wire figures .... His mind gets drained of ideas when he thinks that he is expressing essential things , while in reality he is only busy manipulating some materials.","He/PRP loses/VBZ his/PRP$ imagination/NN among/IN scissors/NNS ,/, adhesive/JJ paper/NN ,/, stencils/NNS ,/, and/CC chicken-wire/JJ figures/NNS .../: ./."," nsubj(loses-2, He-1) root(ROOT-0, loses-2) nmod:poss(imagination-4, his-3) dobj(loses-2, imagination-4) case(scissors-6, among-5) nmod:among(loses-2, scissors-6) amod(paper-9, adhesive-8) nmod:among(loses-2, paper-9) conj:and(scissors-6, paper-9) nmod:among(loses-2, stencils-11) conj:and(scissors-6, stencils-11) cc(scissors-6, and-13) amod(figures-15, chicken-wire-14) nmod:among(loses-2, figures-15) conj:and(scissors-6, figures-15)  His/PRP$ mind/NN gets/VBZ drained/VBN of/IN ideas/NNS when/WRB he/PRP thinks/VBZ that/IN he/PRP is/VBZ expressing/VBG essential/JJ things/NNS ,/, while/IN in/IN reality/NN he/PRP is/VBZ only/RB busy/JJ manipulating/VBG some/DT materials/NNS ./.  nmod:poss(mind-2, His-1) nsubj(gets-3, mind-2) root(ROOT-0, gets-3) dep(gets-3, drained-4) case(ideas-6, of-5) nmod:of(drained-4, ideas-6) mark(expressing-13, ideas-6) advmod(thinks-9, when-7) nsubj(thinks-9, he-8) acl:relcl(ideas-6, thinks-9) ref(ideas-6, that-10) nsubj(expressing-13, he-11) aux(expressing-13, is-12) ccomp(thinks-9, expressing-13) amod(things-15, essential-14) dobj(expressing-13, things-15) mark(busy-23, while-17) case(reality-19, in-18) nmod:in(busy-23, reality-19) nsubj(busy-23, he-20) cop(busy-23, is-21) advmod(busy-23, only-22) advcl(gets-3, busy-23) xcomp(busy-23, manipulating-24) det(materials-26, some-25) dobj(manipulating-24, materials-26)  ",scissors,6,"case(scissors-6, among-5) conj:and(scissors-6, paper-9) conj:and(scissors-6, stencils-11) cc(scissors-6, and-13) conj:and(scissors-6, figures-15) nmod:among(loses-2, scissors-6) ","He loses his imagination among scissors , adhesive paper , stencils",NNS,[],,,,,"[('among', 'loses')]",['among'],['loses'],[],[],"[('and', 'paper'), ('and', 'stencils'), ('and', 'figures')]",[],[],[],[],[],['among'],[],[],,,ambiguous,,,unknown
"They can be translated into the conditions of an education that will liberate creativity from the fetters of "" scissors and adhesive paper "" or videotapes and computer software .",They/PRP can/MD be/VB translated/VBN into/IN the/DT conditions/NNS of/IN an/DT education/NN that/WDT will/MD liberate/VB creativity/NN from/IN the/DT fetters/NNS of/IN ''/'' scissors/NNS and/CC adhesive/NN paper/NN ''/'' or/CC videotapes/NNS and/CC computer/NN software/NN ./.," nsubjpass(translated-4, They-1) aux(translated-4, can-2) auxpass(translated-4, be-3) root(ROOT-0, translated-4) case(conditions-7, into-5) det(conditions-7, the-6) nmod:into(translated-4, conditions-7) case(education-10, of-8) det(education-10, an-9) nmod:of(conditions-7, education-10) nsubj(liberate-13, education-10) ref(education-10, that-11) aux(liberate-13, will-12) acl:relcl(education-10, liberate-13) dobj(liberate-13, creativity-14) case(fetters-17, from-15) det(fetters-17, the-16) nmod:from(liberate-13, fetters-17) case(scissors-20, of-18) nmod:of(fetters-17, scissors-20) cc(scissors-20, and-21) compound(paper-23, adhesive-22) nmod:of(fetters-17, paper-23) conj:and(scissors-20, paper-23) cc(fetters-17, or-25) nmod:from(liberate-13, videotapes-26) conj:or(fetters-17, videotapes-26) cc(videotapes-26, and-27) compound(software-29, computer-28) conj:or(fetters-17, software-29) conj:and(videotapes-26, software-29)  ",scissors,20,"case(scissors-20, of-18) cc(scissors-20, and-21) conj:and(scissors-20, paper-23) nmod:of(fetters-17, scissors-20) ","from the fetters of "" scissors and adhesive paper "" or",NNS,[],,,,,"[('of', 'fetters')]",['of'],['fetters'],[],[],"[('and', 'paper')]",[],[],[],[],[],['of'],[],[],,,ambiguous,,,unknown
"He warned that the student may "" lose his imagination among scissors , adhesive paper , stencils , and chicken-wire figures . ""","He/PRP warned/VBD that/DT the/DT student/NN may/MD ''/'' lose/VB his/PRP$ imagination/NN among/IN scissors/NNS ,/, adhesive/JJ paper/NN ,/, stencils/NNS ,/, and/CC chicken-wire/JJ figures/NNS ./. ''/''"," nsubj(warned-2, He-1) root(ROOT-0, warned-2) nsubj(may-6, that-3) det(student-5, the-4) dep(that-3, student-5) ccomp(warned-2, may-6) ccomp(warned-2, lose-8) nmod:poss(imagination-10, his-9) dobj(lose-8, imagination-10) case(scissors-12, among-11) nmod:among(warned-2, scissors-12) amod(paper-15, adhesive-14) nmod:among(warned-2, paper-15) conj:and(scissors-12, paper-15) nmod:among(warned-2, stencils-17) conj:and(scissors-12, stencils-17) cc(scissors-12, and-19) amod(figures-21, chicken-wire-20) nmod:among(warned-2, figures-21) conj:and(scissors-12, figures-21)  ",scissors,12,"case(scissors-12, among-11) conj:and(scissors-12, paper-15) conj:and(scissors-12, stencils-17) cc(scissors-12, and-19) conj:and(scissors-12, figures-21) nmod:among(warned-2, scissors-12) ",""" lose his imagination among scissors , adhesive paper , stencils",NNS,[],,,,,"[('among', 'warned')]",['among'],['warned'],[],[],"[('and', 'paper'), ('and', 'stencils'), ('and', 'figures')]",[],[],[],[],[],['among'],[],[],,,ambiguous,,,unknown
"Some of the name lines , however , had been cut out with a pair of scissors ; the owner explained that those lines were removed because the victim paid the price listed , which was also the price paid by the initial client ( whose name was not listed ) .","Some/DT of/IN the/DT name/NN lines/NNS ,/, however/RB ,/, had/VBD been/VBN cut/VBN out/RP with/IN a/DT pair/NN of/IN scissors/NNS ;/: the/DT owner/NN explained/VBD that/IN those/DT lines/NNS were/VBD removed/VBN because/IN the/DT victim/NN paid/VBD the/DT price/NN listed/VBN ,/, which/WDT was/VBD also/RB the/DT price/NN paid/VBN by/IN the/DT initial/JJ client/NN -LRB-/-LRB- whose/WP$ name/NN was/VBD not/RB listed/VBN -RRB-/-RRB- ./."," nsubjpass(cut-11, Some-1) case(lines-5, of-2) det(lines-5, the-3) compound(lines-5, name-4) nmod:of(Some-1, lines-5) advmod(lines-5, however-7) aux(cut-11, had-9) auxpass(cut-11, been-10) root(ROOT-0, cut-11) compound:prt(cut-11, out-12) case(pair-15, with-13) det(pair-15, a-14) nmod:with(cut-11, pair-15) case(scissors-17, of-16) nmod:of(pair-15, scissors-17) det(owner-20, the-19) nsubj(explained-21, owner-20) parataxis(cut-11, explained-21) mark(removed-26, that-22) det(lines-24, those-23) nsubjpass(removed-26, lines-24) auxpass(removed-26, were-25) ccomp(explained-21, removed-26) mark(paid-30, because-27) det(victim-29, the-28) nsubj(paid-30, victim-29) advcl(removed-26, paid-30) det(price-32, the-31) dobj(paid-30, price-32) nsubj(price-39, price-32) acl(price-32, listed-33) ref(price-32, which-35) cop(price-39, was-36) advmod(price-39, also-37) det(price-39, the-38) acl:relcl(price-32, price-39) acl(price-39, paid-40) case(client-44, by-41) det(client-44, the-42) amod(client-44, initial-43) nmod:by(paid-40, client-44) nmod:poss(name-47, whose-46) nsubjpass(listed-50, name-47) auxpass(listed-50, was-48) neg(listed-50, not-49) dep(client-44, listed-50)  ",scissors,17,"case(scissors-17, of-16) nmod:of(pair-15, scissors-17) ",out with a pair of scissors ; the owner explained that,NNS,[],,,,,"[('of', 'pair')]",['of'],['pair'],[],[],[],[],[],[],[],[],['of'],[],[],,,ambiguous,,,unknown
"Looking bored with her display of emotion , he switches to cutting his fingernails with the scissors .","Looking/VBG bored/VBN with/IN her/PRP$ display/NN of/IN emotion/NN ,/, he/PRP switches/VBZ to/TO cutting/VBG his/PRP$ fingernails/NNS with/IN the/DT scissors/NNS ./."," advcl(switches-10, Looking-1) xcomp(Looking-1, bored-2) case(display-5, with-3) nmod:poss(display-5, her-4) nmod:with(bored-2, display-5) case(emotion-7, of-6) nmod:of(display-5, emotion-7) nsubj(switches-10, he-9) root(ROOT-0, switches-10) mark(cutting-12, to-11) advcl(switches-10, cutting-12) nmod:poss(fingernails-14, his-13) dobj(cutting-12, fingernails-14) case(scissors-17, with-15) det(scissors-17, the-16) nmod:with(cutting-12, scissors-17)  ",scissors,17,"case(scissors-17, with-15) det(scissors-17, the-16) nmod:with(cutting-12, scissors-17) ",cutting his fingernails with the scissors .,NNS,[],,,,,"[('with', 'cutting')]",['with'],['cutting'],[],['the'],[],[],[],[],[],[],['with'],[],[],,,ambiguous,,,unknown
"The materials needed for the game include an enlarged ( approximately 9 "" x 11 "" ) photocopy of a map or a simplified drawn map of the area , a map key of locations and landmarks as they appear on the map , a metal cookie sheet ( approximately 12 "" x 15 "" ) , small magnets and adhesive magnet strips , tag board , markers or crayons , scissors , and index cards and envelopes .","The/DT materials/NNS needed/VBD for/IN the/DT game/NN include/VBP an/DT enlarged/JJ -LRB-/-LRB- approximately/VBN 9/CD ''/'' x/VBG 11/CD ''/'' -RRB-/-RRB- photocopy/NN of/IN a/DT map/NN or/CC a/DT simplified/VBN drawn/JJ map/NN of/IN the/DT area/NN ,/, a/DT map/NN key/NN of/IN locations/NNS and/CC landmarks/NNS as/IN they/PRP appear/VBP on/IN the/DT map/NN ,/, a/DT metal/NN cookie/NN sheet/NN -LRB-/-LRB- approximately/VBN 12/CD ''/'' x/VBG 15/CD ''/'' -RRB-/-RRB- ,/, small/JJ magnets/NNS and/CC adhesive/JJ magnet/NN strips/NNS ,/, tag/NN board/NN ,/, markers/NNS or/CC crayons/NNS ,/, scissors/NNS ,/, and/CC index/NN cards/NNS and/CC envelopes/NNS ./."," det(materials-2, The-1) nsubj(needed-3, materials-2) root(ROOT-0, needed-3) mark(include-7, for-4) det(game-6, the-5) nsubj(include-7, game-6) advcl(needed-3, include-7) det(photocopy-18, an-8) amod(photocopy-18, enlarged-9) dep(photocopy-18, approximately-11) dobj(approximately-11, 9-12) acl(9-12, x-14) dobj(x-14, 11-15) dobj(include-7, photocopy-18) case(map-21, of-19) det(map-21, a-20) nmod:of(photocopy-18, map-21) cc(photocopy-18, or-22) det(map-26, a-23) amod(map-26, simplified-24) amod(map-26, drawn-25) dobj(include-7, map-26) conj:or(photocopy-18, map-26) case(area-29, of-27) det(area-29, the-28) nmod:of(map-26, area-29) det(key-33, a-31) compound(key-33, map-32) dobj(include-7, key-33) conj:or(photocopy-18, key-33) case(locations-35, of-34) nmod:of(key-33, locations-35) cc(photocopy-18, and-36) dobj(include-7, landmarks-37) conj:or(photocopy-18, landmarks-37) mark(appear-40, as-38) nsubj(appear-40, they-39) acl:relcl(landmarks-37, appear-40) case(map-43, on-41) det(map-43, the-42) nmod:on(appear-40, map-43) det(sheet-48, a-45) compound(sheet-48, metal-46) compound(sheet-48, cookie-47) appos(map-43, sheet-48) dep(photocopy-18, approximately-50) dobj(approximately-50, 12-51) acl(12-51, x-53) dobj(x-53, 15-54) amod(magnets-59, small-58) dobj(include-7, magnets-59) conj:or(photocopy-18, magnets-59) cc(photocopy-18, and-60) amod(strips-63, adhesive-61) compound(strips-63, magnet-62) dobj(include-7, strips-63) conj:and(photocopy-18, strips-63) compound(board-66, tag-65) conj:and(photocopy-18, board-66) conj:and(strips-63, board-66) conj:and(photocopy-18, markers-68) conj:and(strips-63, markers-68) cc(markers-68, or-69) conj:and(strips-63, crayons-70) conj:or(markers-68, crayons-70) conj:and(photocopy-18, scissors-72) conj:and(strips-63, scissors-72) cc(strips-63, and-74) compound(cards-76, index-75) conj:and(photocopy-18, cards-76) conj:and(strips-63, cards-76) cc(cards-76, and-77) conj:and(strips-63, envelopes-78) conj:and(cards-76, envelopes-78)  ",scissors,72,"conj:and(photocopy-18, scissors-72) conj:and(strips-63, scissors-72) ",", markers or crayons , scissors , and index cards and",NNS,[],,,,,[],[],[],[],[],"[('and', 'photocopy'), ('and', 'strips')]",[],[],[],[],[],[],[],[],,,ambiguous,,,unknown
"Each journal-keeper was supplied with a small tape recorder or boombox and two audiotapes , as well as a personal "" journal kit "" containing a notebook , colored pen , scissors , and glue stick to encourage active participation .","Each/DT journal-keeper/NN was/VBD supplied/VBN with/IN a/DT small/JJ tape/NN recorder/NN or/CC boombox/NN and/CC two/CD audiotapes/NNS ,/, as/RB well/RB as/IN a/DT personal/JJ ''/'' journal/NN kit/NN ''/'' containing/VBG a/DT notebook/NN ,/, colored/VBN pen/NN ,/, scissors/NNS ,/, and/CC glue/NN stick/VBP to/TO encourage/VB active/JJ participation/NN ./."," det(journal-keeper-2, Each-1) nsubjpass(supplied-4, journal-keeper-2) auxpass(supplied-4, was-3) root(ROOT-0, supplied-4) case(recorder-9, with-5) det(recorder-9, a-6) amod(recorder-9, small-7) compound(recorder-9, tape-8) nmod:with(supplied-4, recorder-9) cc(recorder-9, or-10) nmod:with(supplied-4, boombox-11) conj:or(recorder-9, boombox-11) cc(supplied-4, and-12) nummod(audiotapes-14, two-13) nsubj(containing-25, audiotapes-14) cc(audiotapes-14, as-16) mwe(as-16, well-17) mwe(as-16, as-18) det(kit-23, a-19) amod(kit-23, personal-20) compound(kit-23, journal-22) conj:and(audiotapes-14, kit-23) nsubj(containing-25, kit-23) conj:and(supplied-4, containing-25) det(notebook-27, a-26) dobj(containing-25, notebook-27) amod(pen-30, colored-29) appos(notebook-27, pen-30) appos(pen-30, scissors-32) cc(supplied-4, and-34) nsubj(stick-36, glue-35) nsubj(encourage-38, glue-35) conj:and(supplied-4, stick-36) mark(encourage-38, to-37) xcomp(stick-36, encourage-38) amod(participation-40, active-39) dobj(encourage-38, participation-40)  ",scissors,32,"appos(pen-30, scissors-32) ","notebook , colored pen , scissors , and glue stick to",NNS,[],,,,,[],[],[],[],[],[],[],[],[],[],[],[],[],"['modifier', 'pen']",,,ambiguous,,,unknown
", the blue paper , the purple crayon , the red scissors , etc . )",",/, the/DT blue/JJ paper/NN ,/, the/DT purple/JJ crayon/NN ,/, the/DT red/JJ scissors/NNS ,/, etc/FW ./. -RRB-/-RRB-"," det(paper-4, the-2) amod(paper-4, blue-3) dep(scissors-12, paper-4) det(crayon-8, the-6) amod(crayon-8, purple-7) appos(paper-4, crayon-8) det(red-11, the-10) amod(scissors-12, red-11) root(ROOT-0, scissors-12) conj(scissors-12, etc-14)  ",scissors,12,"dep(scissors-12, paper-4) amod(scissors-12, red-11) conj(scissors-12, etc-14) root(ROOT-0, scissors-12) ","purple crayon , the red scissors , etc . )",NNS,[],,,,,[],[],[],[],[],"[('', 'etc')]",[],['red'],[],[],[],[],[],[],,,ambiguous,,,unknown
<p> Tools and materials needed to install a radiant barrier include the following : Enough radiant barrier material to cover the underside of the roof ; Measuring tape and flashlight ; Heavy-duty scissors or utility knife ; Staple guns and heavy-duty staples ; Two movable support surfaces such as 3x2-foot sheets of one-inch plywood or three-foot lengths of 1x12 board .,<p>/NN Tools/NNS and/CC materials/NNS needed/VBN to/TO install/VB a/DT radiant/JJ barrier/NN include/VBP the/DT following/NN :/: Enough/NNP radiant/JJ barrier/NN material/NN to/TO cover/VB the/DT underside/NN of/IN the/DT roof/NN ;/: Measuring/JJ tape/NN and/CC flashlight/NN ;/: Heavy-duty/JJ scissors/NNS or/CC utility/NN knife/NN ;/: Staple/JJ guns/NNS and/CC heavy-duty/JJ staples/NNS ;/: Two/CD movable/JJ support/NN surfaces/NNS such/JJ as/IN 3x2-foot/JJ sheets/NNS of/IN one-inch/JJ plywood/NN or/CC three-foot/JJ lengths/NNS of/IN 1x12/JJ board/NN ./.," compound(Tools-2, <p>-1) nsubj(include-11, Tools-2) cc(Tools-2, and-3) conj:and(Tools-2, materials-4) nsubj(include-11, materials-4) acl(Tools-2, needed-5) mark(install-7, to-6) xcomp(needed-5, install-7) det(barrier-10, a-8) amod(barrier-10, radiant-9) dobj(install-7, barrier-10) root(ROOT-0, include-11) det(following-13, the-12) dobj(include-11, following-13) amod(radiant-16, Enough-15) amod(material-18, radiant-16) compound(material-18, barrier-17) dep(following-13, material-18) mark(cover-20, to-19) advcl(include-11, cover-20) det(underside-22, the-21) dobj(cover-20, underside-22) case(roof-25, of-23) det(roof-25, the-24) nmod:of(underside-22, roof-25) amod(tape-28, Measuring-27) dep(underside-22, tape-28) cc(tape-28, and-29) dep(underside-22, flashlight-30) conj:and(tape-28, flashlight-30) amod(scissors-33, Heavy-duty-32) dep(underside-22, scissors-33) cc(scissors-33, or-34) compound(knife-36, utility-35) dep(underside-22, knife-36) conj:or(scissors-33, knife-36) amod(guns-39, Staple-38) dep(underside-22, guns-39) cc(guns-39, and-40) amod(staples-42, heavy-duty-41) dep(underside-22, staples-42) conj:and(guns-39, staples-42) nummod(surfaces-47, Two-44) amod(surfaces-47, movable-45) compound(surfaces-47, support-46) dep(underside-22, surfaces-47) case(sheets-51, such-48) mwe(such-48, as-49) amod(sheets-51, 3x2-foot-50) nmod:such_as(surfaces-47, sheets-51) case(plywood-54, of-52) amod(plywood-54, one-inch-53) nmod:of(sheets-51, plywood-54) cc(underside-22, or-55) amod(lengths-57, three-foot-56) dobj(cover-20, lengths-57) conj:or(underside-22, lengths-57) case(board-60, of-58) amod(board-60, 1x12-59) nmod:of(lengths-57, board-60)  ",scissors,33,"amod(scissors-33, Heavy-duty-32) cc(scissors-33, or-34) conj:or(scissors-33, knife-36) dep(underside-22, scissors-33) ",tape and flashlight ; Heavy-duty scissors or utility knife ; Staple,NNS,[],,,,,[],[],[],[],[],"[('or', 'knife')]",[],[],[],[],[],[],[],[],,,ambiguous,,,unknown
The most common tools of the trade practically date back to the days when people scrawled messages on cave walls a pair of scissors and a screwdriver .,The/DT most/RBS common/JJ tools/NNS of/IN the/DT trade/NN practically/RB date/VBP back/RB to/TO the/DT days/NNS when/WRB people/NNS scrawled/VBD messages/NNS on/IN cave/JJ walls/NNS a/DT pair/NN of/IN scissors/NNS and/CC a/DT screwdriver/NN ./.," det(tools-4, The-1) advmod(tools-4, most-2) amod(tools-4, common-3) nsubj(date-9, tools-4) case(trade-7, of-5) det(trade-7, the-6) nmod:of(tools-4, trade-7) advmod(date-9, practically-8) root(ROOT-0, date-9) advmod(date-9, back-10) case(days-13, to-11) det(days-13, the-12) nmod:to(date-9, days-13) advmod(scrawled-16, when-14) nsubj(scrawled-16, people-15) advcl(date-9, scrawled-16) dobj(scrawled-16, messages-17) case(walls-20, on-18) amod(walls-20, cave-19) nmod:on(messages-17, walls-20) det(pair-22, a-21) nmod:tmod(scrawled-16, pair-22) case(scissors-24, of-23) nmod:of(pair-22, scissors-24) cc(scissors-24, and-25) det(screwdriver-27, a-26) nmod:of(pair-22, screwdriver-27) conj:and(scissors-24, screwdriver-27)  ",scissors,24,"case(scissors-24, of-23) cc(scissors-24, and-25) conj:and(scissors-24, screwdriver-27) nmod:of(pair-22, scissors-24) ",cave walls a pair of scissors and a screwdriver .,NNS,[],,,,,"[('of', 'pair')]",['of'],['pair'],[],[],"[('and', 'screwdriver')]",[],[],[],[],[],['of'],[],[],,,ambiguous,,,unknown
"It winds up taking Michael A. and Paul one hour and 45 minutes to dummy "" On the Right , "" a task that the previous fortnight had taken art associate Pat Sarch ten minutes to do with paper , scissors , and straight pins .","It/PRP winds/VBZ up/RB taking/VBG Michael/NNP A./NNP and/CC Paul/NNP one/CD hour/NN and/CC 45/CD minutes/NNS to/TO dummy/NN ''/'' On/IN the/DT Right/NNP ,/, ''/'' a/DT task/NN that/IN the/DT previous/JJ fortnight/NN had/VBD taken/VBN art/NN associate/NN Pat/NNP Sarch/NNP ten/CD minutes/NNS to/TO do/VB with/IN paper/NN ,/, scissors/NNS ,/, and/CC straight/JJ pins/NNS ./."," nsubj(winds-2, It-1) root(ROOT-0, winds-2) advmod(winds-2, up-3) dep(up-3, taking-4) compound(A.-6, Michael-5) dobj(taking-4, A.-6) cc(A.-6, and-7) compound(hour-10, Paul-8) nummod(hour-10, one-9) dobj(taking-4, hour-10) conj:and(A.-6, hour-10) cc(hour-10, and-11) nummod(minutes-13, 45-12) conj:and(A.-6, minutes-13) conj:and(hour-10, minutes-13) case(dummy-15, to-14) nmod:to(taking-4, dummy-15) case(Right-19, On-17) det(Right-19, the-18) nmod:on(taking-4, Right-19) det(task-23, a-22) dobj(taking-4, task-23) mark(taken-29, that-24) det(fortnight-27, the-25) amod(fortnight-27, previous-26) nsubj(taken-29, fortnight-27) aux(taken-29, had-28) ccomp(winds-2, taken-29) compound(Sarch-33, art-30) compound(Sarch-33, associate-31) compound(Sarch-33, Pat-32) dobj(taken-29, Sarch-33) nummod(minutes-35, ten-34) nmod:tmod(Sarch-33, minutes-35) mark(do-37, to-36) acl(Sarch-33, do-37) case(paper-39, with-38) nmod:with(do-37, paper-39) nmod:with(do-37, scissors-41) conj:and(paper-39, scissors-41) cc(paper-39, and-43) amod(pins-45, straight-44) nmod:with(do-37, pins-45) conj:and(paper-39, pins-45)  ",scissors,41,"nmod:with(do-37, scissors-41) conj:and(paper-39, scissors-41) ","to do with paper , scissors , and straight pins .",NNS,[],,,,,"[('with', 'do')]",['with'],['do'],[],[],"[('and', 'paper')]",[],[],[],[],[],[],[],[],,,ambiguous,,,unknown
"Hollis notes , for instance , that an eye surgeon in Memphis , Tenn. , is considering using a magic wrist to manipulate minuscule scissors for delicately removing retinal scar tissue from diabetic patients and vision-obscuring tissue from the eyes of some infants .","Hollis/NNP notes/VBZ ,/, for/IN instance/NN ,/, that/IN an/DT eye/NN surgeon/NN in/IN Memphis/NNP ,/, Tenn./NNP ,/, is/VBZ considering/VBG using/VBG a/DT magic/JJ wrist/NN to/TO manipulate/VB minuscule/JJ scissors/NNS for/IN delicately/VBG removing/VBG retinal/JJ scar/NN tissue/NN from/IN diabetic/JJ patients/NNS and/CC vision-obscuring/VBG tissue/NN from/IN the/DT eyes/NNS of/IN some/DT infants/NNS ./."," nsubj(notes-2, Hollis-1) root(ROOT-0, notes-2) case(instance-5, for-4) nmod:for(notes-2, instance-5) mark(considering-17, that-7) det(surgeon-10, an-8) compound(surgeon-10, eye-9) nsubj(considering-17, surgeon-10) case(Tenn.-14, in-11) compound(Tenn.-14, Memphis-12) nmod:in(surgeon-10, Tenn.-14) aux(considering-17, is-16) ccomp(notes-2, considering-17) advcl(considering-17, using-18) det(wrist-21, a-19) amod(wrist-21, magic-20) dobj(using-18, wrist-21) mark(manipulate-23, to-22) advcl(using-18, manipulate-23) amod(scissors-25, minuscule-24) dobj(manipulate-23, scissors-25) mark(delicately-27, for-26) advcl(manipulate-23, delicately-27) advcl(delicately-27, removing-28) amod(tissue-31, retinal-29) compound(tissue-31, scar-30) dobj(removing-28, tissue-31) case(patients-34, from-32) amod(patients-34, diabetic-33) nmod:from(removing-28, patients-34) cc(delicately-27, and-35) advcl(manipulate-23, vision-obscuring-36) conj:and(delicately-27, vision-obscuring-36) dobj(vision-obscuring-36, tissue-37) case(eyes-40, from-38) det(eyes-40, the-39) nmod:from(vision-obscuring-36, eyes-40) case(infants-43, of-41) det(infants-43, some-42) nmod:of(eyes-40, infants-43)  ",scissors,25,"amod(scissors-25, minuscule-24) dobj(manipulate-23, scissors-25) ",magic wrist to manipulate minuscule scissors for delicately removing retinal scar,NNS,[],manipulate,VB,object,[],[],[],[],[],[],[],[],['minuscule'],[],[],[],[],[],[],,,ambiguous,ambiguous,,unknown
"For the National Association of Scissors and Shears Manufacturers , the concern is stanching the import of foreign-made scissors .","For/IN the/DT National/NNP Association/NNP of/IN Scissors/NNP and/CC Shears/NNP Manufacturers/NNPS ,/, the/DT concern/NN is/VBZ stanching/VBG the/DT import/NN of/IN foreign-made/JJ scissors/NNS ./."," case(Association-4, For-1) det(Association-4, the-2) compound(Association-4, National-3) nmod:for(stanching-14, Association-4) case(Manufacturers-9, of-5) compound(Manufacturers-9, Scissors-6) cc(Scissors-6, and-7) conj:and(Scissors-6, Shears-8) compound(Manufacturers-9, Shears-8) nmod:of(Association-4, Manufacturers-9) det(concern-12, the-11) nsubj(stanching-14, concern-12) aux(stanching-14, is-13) root(ROOT-0, stanching-14) det(import-16, the-15) dobj(stanching-14, import-16) case(scissors-19, of-17) amod(scissors-19, foreign-made-18) nmod:of(import-16, scissors-19)  ",scissors,19,"case(scissors-19, of-17) amod(scissors-19, foreign-made-18) nmod:of(import-16, scissors-19) ",stanching the import of foreign-made scissors .,NNS,[],,,,,"[('of', 'import')]",['of'],['import'],[],[],[],[],[],[],[],[],['of'],[],[],,,ambiguous,,,unknown
<p> Bandini 's labours represented the ' scissors and paste ' geography of the late middle ages .,<p>/NNP Bandini/NNP 's/POS labours/NNS represented/VBD the/VBP '/POS scissors/NNS and/CC paste/NNP '/POS geography/NN of/IN the/DT late/JJ middle/JJ ages/NNS ./.," compound(Bandini-2, <p>-1) nmod:poss(labours-4, Bandini-2) case(Bandini-2, 's-3) nsubj(represented-5, labours-4) root(ROOT-0, represented-5) dep('-7, the-6) nmod:poss(scissors-8, '-7) dobj(represented-5, scissors-8) cc(scissors-8, and-9) nmod:poss(geography-12, paste-10) case(paste-10, '-11) dobj(represented-5, geography-12) conj:and(scissors-8, geography-12) case(ages-17, of-13) det(ages-17, the-14) amod(ages-17, late-15) amod(ages-17, middle-16) nmod:of(geography-12, ages-17)  ",scissors,8,"nmod:poss(scissors-8, '-7) cc(scissors-8, and-9) conj:and(scissors-8, geography-12) dobj(represented-5, scissors-8) ",'s labours represented the ' scissors and paste ' geography of,NNS,[],represented,VBD,object,[],[],[],[],[],[],"[('and', 'geography')]",[],[],[],[],[],[],[],[],,,ambiguous,ambiguous,,unknown
